1 Indra indra@admin.com indra 1234 Admin
2 Rehan rehan@gmail.com rehans rehan1234 user
3 mufti mufti@gmail.com muftiii muf1234 user
4 sofia sofia@gmail.com sofia 1234 user
5 satria satir@gmail.com satirganttenk ewe111 user
